vintage,quarter,real_gdp
1965Q4,1964Q2,575.9
1965Q4,1964Q3,582.6
1965Q4,1964Q4,584.7
1965Q4,1965Q1,597.5
1965Q4,1965Q2,601.4
1965Q4,1965Q3,609.1
1966Q1,1964Q3,582.6
1966Q1,1964Q4,584.7
1966Q1,1965Q1,597.7
1966Q1,1965Q2,603.5
1966Q1,1965Q3,613.0
1966Q1,1965Q4,621.7
1966Q2,1964Q4,584.7
1966Q2,1965Q1,597.7
1966Q2,1965Q2,603.5
1966Q2,1965Q3,613.0
1966Q2,1965Q4,624.4
1966Q2,1966Q1,633.8
1966Q3,1965Q1,600.3
1966Q3,1965Q2,607.8
1966Q3,1965Q3,618.2
1966Q3,1965Q4,631.2
1966Q3,1966Q1,640.5
1966Q3,1966Q2,644.2
1966Q4,1965Q2,607.8
1966Q4,1965Q3,618.2
1966Q4,1965Q4,631.2
1966Q4,1966Q1,640.5
1966Q4,1966Q2,643.5
1966Q4,1966Q3,650.7
1967Q1,1965Q3,618.2
1967Q1,1965Q4,631.2
1967Q1,1966Q1,640.5
1967Q1,1966Q2,643.5
1967Q1,1966Q3,649.9
1967Q1,1966Q4,657.0
1967Q2,1965Q4,631.2
1967Q2,1966Q1,640.5
1967Q2,1966Q2,643.5
1967Q2,1966Q3,649.9
1967Q2,1966Q4,657.2
1967Q2,1967Q1,657.2
1967Q3,1966Q1,645.4
1967Q3,1966Q2,649.3
1967Q3,1966Q3,654.8
1967Q3,1966Q4,661.1
1967Q3,1967Q1,660.7
1967Q3,1967Q2,664.6
1967Q4,1966Q2,649.3
1967Q4,1966Q3,654.8
1967Q4,1966Q4,661.1
1967Q4,1967Q1,660.7
1967Q4,1967Q2,664.7
1967Q4,1967Q3,671.6
1968Q1,1966Q3,654.8
1968Q1,1966Q4,661.1
1968Q1,1967Q1,660.7
1968Q1,1967Q2,664.7
1968Q1,1967Q3,672.0
1968Q1,1967Q4,679.4
1968Q2,1966Q4,661.1
1968Q2,1967Q1,660.7
1968Q2,1967Q2,664.7
1968Q2,1967Q3,672.0
1968Q2,1967Q4,679.6
1968Q2,1968Q1,689.7
1968Q3,1967Q1,665.7
1968Q3,1967Q2,669.2
1968Q3,1967Q3,675.6
1968Q3,1967Q4,681.8
1968Q3,1968Q1,692.7
1968Q3,1968Q2,701.7
1968Q4,1967Q2,669.2
1968Q4,1967Q3,675.6
1968Q4,1967Q4,681.8
1968Q4,1968Q1,692.7
1968Q4,1968Q2,703.4
1968Q4,1968Q3,712.0
1969Q1,1967Q3,675.6
1969Q1,1967Q4,681.8
1969Q1,1968Q1,692.7
1969Q1,1968Q2,703.4
1969Q1,1968Q3,712.3
1969Q1,1968Q4,719.1
1969Q2,1967Q4,681.8
1969Q2,1968Q1,692.7
1969Q2,1968Q2,703.4
1969Q2,1968Q3,712.3
1969Q2,1968Q4,718.4
1969Q2,1969Q1,723.6
1969Q3,1968Q1,693.3
1969Q3,1968Q2,705.8
1969Q3,1968Q3,712.8
1969Q3,1968Q4,718.5
1969Q3,1969Q1,723.1
1969Q3,1969Q2,727.3
1969Q4,1968Q2,705.8
1969Q4,1968Q3,712.8
1969Q4,1968Q4,718.5
1969Q4,1969Q1,723.1
1969Q4,1969Q2,726.7
1969Q4,1969Q3,730.4
1970Q1,1968Q3,712.8
1970Q1,1968Q4,718.5
1970Q1,1969Q1,723.1
1970Q1,1969Q2,726.7
1970Q1,1969Q3,730.6
1970Q1,1969Q4,730.5
1970Q2,1968Q4,718.5
1970Q2,1969Q1,723.1
1970Q2,1969Q2,726.7
1970Q2,1969Q3,730.6
1970Q2,1969Q4,729.8
1970Q2,1970Q1,726.9
1970Q3,1969Q1,722.1
1970Q3,1969Q2,726.1
1970Q3,1969Q3,730.9
1970Q3,1969Q4,729.2
1970Q3,1970Q1,723.8
1970Q3,1970Q2,724.3
1970Q4,1969Q2,726.1
1970Q4,1969Q3,730.9
1970Q4,1969Q4,729.2
1970Q4,1970Q1,723.8
1970Q4,1970Q2,724.9
1970Q4,1970Q3,727.5
1971Q1,1969Q3,730.9
1971Q1,1969Q4,729.2
1971Q1,1970Q1,723.8
1971Q1,1970Q2,724.9
1971Q1,1970Q3,727.4
1971Q1,1970Q4,721.3
1971Q2,1969Q4,729.2
1971Q2,1970Q1,723.8
1971Q2,1970Q2,724.9
1971Q2,1970Q3,727.4
1971Q2,1970Q4,720.3
1971Q2,1971Q1,731.6
1971Q3,1970Q1,719.8
1971Q3,1970Q2,721.1
1971Q3,1970Q3,723.3
1971Q3,1970Q4,715.9
1971Q3,1971Q1,729.7
1971Q3,1971Q2,736.3
1971Q4,1970Q2,721.1
1971Q4,1970Q3,723.3
1971Q4,1970Q4,715.9
1971Q4,1971Q1,729.7
1971Q4,1971Q2,738.4
1971Q4,1971Q3,743.6
1972Q1,1970Q3,723.3
1972Q1,1970Q4,715.9
1972Q1,1971Q1,729.7
1972Q1,1971Q2,735.8
1972Q1,1971Q3,740.7
1972Q1,1971Q4,751.7
1972Q2,1970Q4,715.9
1972Q2,1971Q1,729.7
1972Q2,1971Q2,735.8
1972Q2,1971Q3,740.7
1972Q2,1971Q4,751.3
1972Q2,1972Q1,761.0
1972Q3,1971Q1,731.9
1972Q3,1971Q2,737.9
1972Q3,1971Q3,742.5
1972Q3,1971Q4,754.5
1972Q3,1972Q1,766.5
1972Q3,1972Q2,783.1
1972Q4,1971Q2,737.9
1972Q4,1971Q3,742.5
1972Q4,1971Q4,754.5
1972Q4,1972Q1,766.5
1972Q4,1972Q2,783.9
1972Q4,1972Q3,795.3
1973Q1,1971Q3,742.5
1973Q1,1971Q4,754.5
1973Q1,1972Q1,766.5
1973Q1,1972Q2,783.9
1973Q1,1972Q3,796.1
1973Q1,1972Q4,812.4
1973Q2,1971Q4,754.5
1973Q2,1972Q1,766.5
1973Q2,1972Q2,783.9
1973Q2,1972Q3,796.1
1973Q2,1972Q4,811.6
1973Q2,1973Q1,827.1
1973Q3,1972Q1,768.0
1973Q3,1972Q2,785.6
1973Q3,1972Q3,796.7
1973Q3,1972Q4,812.3
1973Q3,1973Q1,829.3
1973Q3,1973Q2,834.6
1973Q4,1972Q2,785.6
1973Q4,1972Q3,796.7
1973Q4,1972Q4,812.3
1973Q4,1973Q1,829.3
1973Q4,1973Q2,834.3
1973Q4,1973Q3,841.6
1974Q1,1972Q3,796.7
1974Q1,1972Q4,812.3
1974Q1,1973Q1,829.3
1974Q1,1973Q2,834.3
1974Q1,1973Q3,841.3
1974Q1,1973Q4,844.1
1974Q2,1972Q4,812.3
1974Q2,1973Q1,829.3
1974Q2,1973Q2,834.3
1974Q2,1973Q3,841.3
1974Q2,1973Q4,844.6
1974Q2,1974Q1,832.0
1974Q3,1973Q1,832.8
1974Q3,1973Q2,837.4
1974Q3,1973Q3,840.8
1974Q3,1973Q4,845.7
1974Q3,1974Q1,830.5
1974Q3,1974Q2,828.0
1974Q4,1973Q2,837.4
1974Q4,1973Q3,840.8
1974Q4,1973Q4,845.7
1974Q4,1974Q1,830.5
1974Q4,1974Q2,827.1
1974Q4,1974Q3,821.1
1975Q1,1973Q3,840.8
1975Q1,1973Q4,845.7
1975Q1,1974Q1,830.5
1975Q1,1974Q2,827.1
1975Q1,1974Q3,823.1
1975Q1,1974Q4,803.7
1975Q2,1973Q4,845.7
1975Q2,1974Q1,830.5
1975Q2,1974Q2,827.1
1975Q2,1974Q3,823.1
1975Q2,1974Q4,804.0
1975Q2,1975Q1,782.3
1975Q3,1974Q1,830.5
1975Q3,1974Q2,827.1
1975Q3,1974Q3,823.1
1975Q3,1974Q4,804.0
1975Q3,1975Q1,780.0
1975Q3,1975Q2,779.4
1975Q4,1974Q2,827.1
1975Q4,1974Q3,823.1
1975Q4,1974Q4,804.0
1975Q4,1975Q1,780.0
1975Q4,1975Q2,783.6
1975Q4,1975Q3,804.6
1976Q1,1974Q3,1210.2
1976Q1,1974Q4,1186.8
1976Q1,1975Q1,1158.6
1976Q1,1975Q2,1168.1
1976Q1,1975Q3,1201.5
1976Q1,1975Q4,1217.4
1976Q2,1974Q4,1186.8
1976Q2,1975Q1,1158.6
1976Q2,1975Q2,1168.1
1976Q2,1975Q3,1201.5
1976Q2,1975Q4,1216.2
1976Q2,1976Q1,1238.4
1976Q3,1975Q1,1161.1
1976Q3,1975Q2,1177.1
1976Q3,1975Q3,1209.3
1976Q3,1975Q4,1219.2
1976Q3,1976Q1,1246.3
1976Q3,1976Q2,1259.7
1976Q4,1975Q2,1177.1
1976Q4,1975Q3,1209.3
1976Q4,1975Q4,1219.2
1976Q4,1976Q1,1246.3
1976Q4,1976Q2,1260.0
1976Q4,1976Q3,1272.2
1977Q1,1975Q3,1209.3
1977Q1,1975Q4,1219.2
1977Q1,1976Q1,1246.3
1977Q1,1976Q2,1260.0
1977Q1,1976Q3,1272.2
1977Q1,1976Q4,1281.5
1977Q2,1975Q4,1219.2
1977Q2,1976Q1,1246.3
1977Q2,1976Q2,1260.0
1977Q2,1976Q3,1272.2
1977Q2,1976Q4,1280.4
1977Q2,1977Q1,1296.8
1977Q3,1976Q1,1256.0
1977Q3,1976Q2,1271.5
1977Q3,1976Q3,1283.7
1977Q3,1976Q4,1287.4
1977Q3,1977Q1,1311.0
1977Q3,1977Q2,1331.6
1977Q4,1976Q2,1271.5
1977Q4,1976Q3,1283.7
1977Q4,1976Q4,1287.4
1977Q4,1977Q1,1311.0
1977Q4,1977Q2,1330.7
1977Q4,1977Q3,1343.2
1978Q1,1976Q3,1283.7
1978Q1,1976Q4,1287.4
1978Q1,1977Q1,1311.0
1978Q1,1977Q2,1330.7
1978Q1,1977Q3,1347.4
1978Q1,1977Q4,1361.4
1978Q2,1976Q4,1287.4
1978Q2,1977Q1,1311.0
1978Q2,1977Q2,1330.7
1978Q2,1977Q3,1347.4
1978Q2,1977Q4,1360.2
1978Q2,1978Q1,1358.3
1978Q3,1977Q1,1306.7
1978Q3,1977Q2,1325.5
1978Q3,1977Q3,1343.9
1978Q3,1977Q4,1354.5
1978Q3,1978Q1,1354.2
1978Q3,1978Q2,1378.6
1978Q4,1977Q2,1325.5
1978Q4,1977Q3,1343.9
1978Q4,1977Q4,1354.5
1978Q4,1978Q1,1354.2
1978Q4,1978Q2,1382.6
1978Q4,1978Q3,1394.3
1979Q1,1977Q3,1343.9
1979Q1,1977Q4,1354.5
1979Q1,1978Q1,1354.2
1979Q1,1978Q2,1382.6
1979Q1,1978Q3,1391.4
1979Q1,1978Q4,1412.2
1979Q2,1977Q4,1354.5
1979Q2,1978Q1,1354.2
1979Q2,1978Q2,1382.6
1979Q2,1978Q3,1391.4
1979Q2,1978Q4,1414.7
1979Q2,1979Q1,1417.3
1979Q3,1978Q1,1367.8
1979Q3,1978Q2,1395.2
1979Q3,1978Q3,1407.3
1979Q3,1978Q4,1426.6
1979Q3,1979Q1,1430.6
1979Q3,1979Q2,1418.8
1979Q4,1978Q2,1395.2
1979Q4,1978Q3,1407.3
1979Q4,1978Q4,1426.6
1979Q4,1979Q1,1430.6
1979Q4,1979Q2,1422.3
1979Q4,1979Q3,1430.8
1980Q1,1978Q3,1407.3
1980Q1,1978Q4,1426.6
1980Q1,1979Q1,1430.6
1980Q1,1979Q2,1422.3
1980Q1,1979Q3,1433.3
1980Q1,1979Q4,1438.4
1980Q2,1978Q4,1426.6
1980Q2,1979Q1,1430.6
1980Q2,1979Q2,1422.3
1980Q2,1979Q3,1433.3
1980Q2,1979Q4,1440.3
1980Q2,1980Q1,1444.2
1980Q3,1979Q1,1430.6
1980Q3,1979Q2,1422.3
1980Q3,1979Q3,1433.3
1980Q3,1979Q4,1440.3
1980Q3,1980Q1,1444.7
1980Q3,1980Q2,1410.8
1980Q4,1979Q2,1422.3
1980Q4,1979Q3,1433.3
1980Q4,1979Q4,1440.3
1980Q4,1980Q1,1444.7
1980Q4,1980Q2,1408.6
1980Q4,1980Q3,1412.1
1981Q1,1979Q3,1488.2
1981Q1,1979Q4,1490.6
1981Q1,1980Q1,1501.9
1981Q1,1980Q2,1463.3
1981Q1,1980Q3,1471.9
1981Q1,1980Q4,1490.1
1981Q2,1979Q4,1490.6
1981Q2,1980Q1,1501.9
1981Q2,1980Q2,1463.3
1981Q2,1980Q3,1471.9
1981Q2,1980Q4,1485.6
1981Q2,1981Q1,1509.2
1981Q3,1980Q1,1501.9
1981Q3,1980Q2,1463.3
1981Q3,1980Q3,1471.9
1981Q3,1980Q4,1485.6
1981Q3,1981Q1,1516.4
1981Q3,1981Q2,1509.1
1981Q4,1980Q2,1463.3
1981Q4,1980Q3,1471.9
1981Q4,1980Q4,1485.6
1981Q4,1981Q1,1516.4
1981Q4,1981Q2,1510.4
1981Q4,1981Q3,1508.2
1982Q1,1980Q3,1471.9
1982Q1,1980Q4,1485.6
1982Q1,1981Q1,1516.4
1982Q1,1981Q2,1510.4
1982Q1,1981Q3,1515.8
1982Q1,1981Q4,1495.6
1982Q2,1980Q4,1485.6
1982Q2,1981Q1,1516.4
1982Q2,1981Q2,1510.4
1982Q2,1981Q3,1515.8
1982Q2,1981Q4,1498.4
1982Q2,1982Q1,1483.6
1982Q3,1981Q1,1507.8
1982Q3,1981Q2,1502.2
1982Q3,1981Q3,1510.4
1982Q3,1981Q4,1490.1
1982Q3,1982Q1,1470.7
1982Q3,1982Q2,1476.8
1982Q4,1981Q2,1502.2
1982Q4,1981Q3,1510.4
1982Q4,1981Q4,1490.1
1982Q4,1982Q1,1470.7
1982Q4,1982Q2,1478.4
1982Q4,1982Q3,1481.2
1983Q1,1981Q3,1510.4
1983Q1,1981Q4,1490.1
1983Q1,1982Q1,1470.7
1983Q1,1982Q2,1478.4
1983Q1,1982Q3,1481.1
1983Q1,1982Q4,1471.7
1983Q2,1981Q4,1490.1
1983Q2,1982Q1,1470.7
1983Q2,1982Q2,1478.4
1983Q2,1982Q3,1481.1
1983Q2,1982Q4,1477.2
1983Q2,1983Q1,1488.5
1983Q3,1982Q1,1485.8
1983Q3,1982Q2,1489.3
1983Q3,1982Q3,1485.7
1983Q3,1982Q4,1480.7
1983Q3,1983Q1,1490.1
1983Q3,1983Q2,1521.4
1983Q4,1982Q2,1489.3
1983Q4,1982Q3,1485.7
1983Q4,1982Q4,1480.7
1983Q4,1983Q1,1490.1
1983Q4,1983Q2,1525.1
1983Q4,1983Q3,1554.4
1984Q1,1982Q3,1485.7
1984Q1,1982Q4,1480.7
1984Q1,1983Q1,1490.1
1984Q1,1983Q2,1525.1
1984Q1,1983Q3,1553.4
1984Q1,1983Q4,1570.5
1984Q2,1982Q4,1480.7
1984Q2,1983Q1,1490.1
1984Q2,1983Q2,1525.1
1984Q2,1983Q3,1553.4
1984Q2,1983Q4,1572.5
1984Q2,1984Q1,1604.3
1984Q3,1983Q1,1491.0
1984Q3,1983Q2,1524.8
1984Q3,1983Q3,1550.2
1984Q3,1983Q4,1572.7
1984Q3,1984Q1,1610.9
1984Q3,1984Q2,1640.2
1984Q4,1983Q2,1524.8
1984Q4,1983Q3,1550.2
1984Q4,1983Q4,1572.7
1984Q4,1984Q1,1610.9
1984Q4,1984Q2,1638.8
1984Q4,1984Q3,1649.6
1985Q1,1983Q3,1550.2
1985Q1,1983Q4,1572.7
1985Q1,1984Q1,1610.9
1985Q1,1984Q2,1638.8
1985Q1,1984Q3,1645.2
1985Q1,1984Q4,1661.1
1985Q2,1983Q4,1572.7
1985Q2,1984Q1,1610.9
1985Q2,1984Q2,1638.8
1985Q2,1984Q3,1645.2
1985Q2,1984Q4,1662.4
1985Q2,1985Q1,1668.0
1985Q3,1984Q1,1610.9
1985Q3,1984Q2,1638.8
1985Q3,1984Q3,1645.2
1985Q3,1984Q4,1662.4
1985Q3,1985Q1,1663.5
1985Q3,1985Q2,1670.7
1985Q4,1984Q2,1638.8
1985Q4,1984Q3,1645.2
1985Q4,1984Q4,1662.4
1985Q4,1985Q1,1663.5
1985Q4,1985Q2,1671.3
1985Q4,1985Q3,1684.8
1986Q1,1984Q3,3510.4
1986Q1,1984Q4,3515.6
1986Q1,1985Q1,3547.8
1986Q1,1985Q2,3557.4
1986Q1,1985Q3,3584.1
1986Q1,1985Q4,3605.0
1986Q2,1984Q4,3515.6
1986Q2,1985Q1,3547.8
1986Q2,1985Q2,3557.4
1986Q2,1985Q3,3584.1
1986Q2,1985Q4,3590.8
1986Q2,1986Q1,3619.2
1986Q3,1985Q1,3547.0
1986Q3,1985Q2,3567.6
1986Q3,1985Q3,3603.8
1986Q3,1985Q4,3622.3
1986Q3,1986Q1,3655.9
1986Q3,1986Q2,3665.7
1986Q4,1985Q2,3567.6
1986Q4,1985Q3,3603.8
1986Q4,1985Q4,3622.3
1986Q4,1986Q1,3655.9
1986Q4,1986Q2,3661.4
1986Q4,1986Q3,3683.3
1987Q1,1985Q3,3603.8
1987Q1,1985Q4,3622.3
1987Q1,1986Q1,3655.9
1987Q1,1986Q2,3661.4
1987Q1,1986Q3,3686.4
1987Q1,1986Q4,3702.4
1987Q2,1985Q4,3622.3
1987Q2,1986Q1,3655.9
1987Q2,1986Q2,3661.4
1987Q2,1986Q3,3686.4
1987Q2,1986Q4,3696.1
1987Q2,1987Q1,3735.2
1987Q3,1986Q1,3698.8
1987Q3,1986Q2,3704.7
1987Q3,1986Q3,3718.0
1987Q3,1986Q4,3731.5
1987Q3,1987Q1,3772.2
1987Q3,1987Q2,3796.4
1987Q4,1986Q2,3704.7
1987Q4,1986Q3,3718.0
1987Q4,1986Q4,3731.5
1987Q4,1987Q1,3772.2
1987Q4,1987Q2,3795.3
1987Q4,1987Q3,3831.2
1988Q1,1986Q3,3718.0
1988Q1,1986Q4,3731.5
1988Q1,1987Q1,3772.2
1988Q1,1987Q2,3795.3
1988Q1,1987Q3,3835.9
1988Q1,1987Q4,3875.1
1988Q2,1986Q4,3731.5
1988Q2,1987Q1,3772.2
1988Q2,1987Q2,3795.3
1988Q2,1987Q3,3835.9
1988Q2,1987Q4,3880.8
1988Q2,1988Q1,3902.6
1988Q3,1987Q1,3776.7
1988Q3,1987Q2,3823.0
1988Q3,1987Q3,3865.3
1988Q3,1987Q4,3923.0
1988Q3,1988Q1,3956.1
1988Q3,1988Q2,3986.3
1988Q4,1987Q2,3823.0
1988Q4,1987Q3,3865.3
1988Q4,1987Q4,3923.0
1988Q4,1988Q1,3956.1
1988Q4,1988Q2,3985.2
1988Q4,1988Q3,4007.3
1989Q1,1987Q3,3865.3
1989Q1,1987Q4,3923.0
1989Q1,1988Q1,3956.1
1989Q1,1988Q2,3985.2
1989Q1,1988Q3,4009.4
1989Q1,1988Q4,4029.2
1989Q2,1987Q4,3923.0
1989Q2,1988Q1,3956.1
1989Q2,1988Q2,3985.2
1989Q2,1988Q3,4009.4
1989Q2,1988Q4,4033.4
1989Q2,1989Q1,4088.2
1989Q3,1988Q1,3974.8
1989Q3,1988Q2,4010.7
1989Q3,1988Q3,4042.7
1989Q3,1988Q4,4069.4
1989Q3,1989Q1,4106.8
1989Q3,1989Q2,4123.9
1989Q4,1988Q2,4010.7
1989Q4,1988Q3,4042.7
1989Q4,1988Q4,4069.4
1989Q4,1989Q1,4106.8
1989Q4,1989Q2,4132.5
1989Q4,1989Q3,4158.1
1990Q1,1988Q3,4042.7
1990Q1,1988Q4,4069.4
1990Q1,1989Q1,4106.8
1990Q1,1989Q2,4132.5
1990Q1,1989Q3,4162.9
1990Q1,1989Q4,4168.1
1990Q2,1988Q4,4069.4
1990Q2,1989Q1,4106.8
1990Q2,1989Q2,4132.5
1990Q2,1989Q3,4162.9
1990Q2,1989Q4,4174.1
1990Q2,1990Q1,4195.8
1990Q3,1989Q1,4095.7
1990Q3,1989Q2,4112.2
1990Q3,1989Q3,4129.7
1990Q3,1989Q4,4133.2
1990Q3,1990Q1,4150.6
1990Q3,1990Q2,4163.2
1990Q4,1989Q2,4112.2
1990Q4,1989Q3,4129.7
1990Q4,1989Q4,4133.2
1990Q4,1990Q1,4150.6
1990Q4,1990Q2,4155.1
1990Q4,1990Q3,4173.6
1991Q1,1989Q3,4129.7
1991Q1,1989Q4,4133.2
1991Q1,1990Q1,4150.6
1991Q1,1990Q2,4155.1
1991Q1,1990Q3,4170.0
1991Q1,1990Q4,4147.6
1991Q2,1989Q4,4133.2
1991Q2,1990Q1,4150.6
1991Q2,1990Q2,4155.1
1991Q2,1990Q3,4170.0
1991Q2,1990Q4,4153.4
1991Q2,1991Q1,4123.9
1991Q3,1990Q1,4150.6
1991Q3,1990Q2,4155.1
1991Q3,1990Q3,4170.0
1991Q3,1990Q4,4153.4
1991Q3,1991Q1,4124.1
1991Q3,1991Q2,4128.4
1991Q4,1990Q2,4155.1
1991Q4,1990Q3,4170.0
1991Q4,1990Q4,4153.4
1991Q4,1991Q1,4124.1
1991Q4,1991Q2,4118.9
1991Q4,1991Q3,4143.1
1992Q1,1990Q3,4903.3
1992Q1,1990Q4,4855.1
1992Q1,1991Q1,4824.0
1992Q1,1991Q2,4840.7
1992Q1,1991Q3,4862.7
1992Q1,1991Q4,4866.3
1992Q2,1990Q4,4855.1
1992Q2,1991Q1,4824.0
1992Q2,1991Q2,4840.7
1992Q2,1991Q3,4862.7
1992Q2,1991Q4,4868.0
1992Q2,1992Q1,4891.9
1992Q3,1991Q1,4796.7
1992Q3,1991Q2,4817.1
1992Q3,1991Q3,4831.8
1992Q3,1991Q4,4838.5
1992Q3,1992Q1,4873.7
1992Q3,1992Q2,4890.5
1992Q4,1991Q2,4817.1
1992Q4,1991Q3,4831.8
1992Q4,1991Q4,4838.5
1992Q4,1992Q1,4873.7
1992Q4,1992Q2,4892.4
1992Q4,1992Q3,4924.5
1993Q1,1991Q3,4831.8
1993Q1,1991Q4,4838.5
1993Q1,1992Q1,4873.7
1993Q1,1992Q2,4892.4
1993Q1,1992Q3,4933.7
1993Q1,1992Q4,4979.8
1993Q2,1991Q4,4838.5
1993Q2,1992Q1,4873.7
1993Q2,1992Q2,4892.4
1993Q2,1992Q3,4933.7
1993Q2,1992Q4,4990.8
1993Q2,1993Q1,5013.1
1993Q3,1992Q1,4873.7
1993Q3,1992Q2,4892.4
1993Q3,1992Q3,4933.7
1993Q3,1992Q4,4990.8
1993Q3,1993Q1,4999.9
1993Q3,1993Q2,5019.5
1993Q4,1992Q2,4956.5
1993Q4,1992Q3,4998.2
1993Q4,1992Q4,5068.3
1993Q4,1993Q1,5078.2
1993Q4,1993Q2,5102.1
1993Q4,1993Q3,5138.0
1994Q1,1992Q3,4998.2
1994Q1,1992Q4,5068.3
1994Q1,1993Q1,5078.2
1994Q1,1993Q2,5102.1
1994Q1,1993Q3,5138.3
1994Q1,1993Q4,5212.1
1994Q2,1992Q4,5068.3
1994Q2,1993Q1,5078.2
1994Q2,1993Q2,5102.1
1994Q2,1993Q3,5138.3
1994Q2,1993Q4,5225.6
1994Q2,1994Q1,5259.0
1994Q3,1993Q1,5075.3
1994Q3,1993Q2,5105.4
1994Q3,1993Q3,5139.4
1994Q3,1993Q4,5218.0
1994Q3,1994Q1,5261.1
1994Q3,1994Q2,5309.2
1994Q4,1993Q2,5105.4
1994Q4,1993Q3,5139.4
1994Q4,1993Q4,5218.0
1994Q4,1994Q1,5261.1
1994Q4,1994Q2,5314.1
1994Q4,1994Q3,5359.2
1995Q1,1993Q3,5139.4
1995Q1,1993Q4,5218.0
1995Q1,1994Q1,5261.1
1995Q1,1994Q2,5314.1
1995Q1,1994Q3,5367.0
1995Q1,1994Q4,5426.8
1995Q2,1993Q4,5218.0
1995Q2,1994Q1,5261.1
1995Q2,1994Q2,5314.1
1995Q2,1994Q3,5367.0
1995Q2,1994Q4,5433.8
1995Q2,1995Q1,5471.7
1995Q3,1994Q1,5261.1
1995Q3,1994Q2,5314.1
1995Q3,1994Q3,5367.0
1995Q3,1994Q4,5433.8
1995Q3,1995Q1,5470.1
1995Q3,1995Q2,5477.3
1995Q4,1994Q2,5314.1
1995Q4,1994Q3,5367.0
1995Q4,1994Q4,5433.8
1995Q4,1995Q1,5470.1
1995Q4,1995Q2,5487.8
1995Q4,1995Q3,5544.6
1996Q1,1994Q3,6639.5
1996Q1,1994Q4,6691.3
1996Q1,1995Q1,6701.6
1996Q1,1995Q2,6709.4
1996Q1,1995Q3,6763.2
1996Q2,1994Q4,6691.3
1996Q2,1995Q1,6701.6
1996Q2,1995Q2,6709.4
1996Q2,1995Q3,6768.3
1996Q2,1995Q4,6776.5
1996Q2,1996Q1,6823.6
1996Q3,1995Q1,6701.0
1996Q3,1995Q2,6713.5
1996Q3,1995Q3,6776.4
1996Q3,1995Q4,6780.7
1996Q3,1996Q1,6814.3
1996Q3,1996Q2,6885.1
1996Q4,1995Q2,6713.5
1996Q4,1995Q3,6776.4
1996Q4,1995Q4,6780.7
1996Q4,1996Q1,6814.3
1996Q4,1996Q2,6892.6
1996Q4,1996Q3,6929.7
1997Q1,1995Q3,6776.4
1997Q1,1995Q4,6780.7
1997Q1,1996Q1,6814.3
1997Q1,1996Q2,6892.6
1997Q1,1996Q3,6928.4
1997Q1,1996Q4,7008.7
1997Q2,1995Q4,6780.2
1997Q2,1996Q1,6813.8
1997Q2,1996Q2,6892.1
1997Q2,1996Q3,6928.1
1997Q2,1996Q4,6993.3
1997Q2,1997Q1,7089.4
1997Q3,1996Q1,6826.4
1997Q3,1996Q2,6926.0
1997Q3,1996Q3,6943.8
1997Q3,1996Q4,7017.4
1997Q3,1997Q1,7101.6
1997Q3,1997Q2,7139.7
1997Q4,1996Q2,6926.0
1997Q4,1996Q3,6943.8
1997Q4,1996Q4,7017.4
1997Q4,1997Q1,7101.6
1997Q4,1997Q2,7159.6
1997Q4,1997Q3,7221.8
1998Q1,1996Q3,6943.8
1998Q1,1996Q4,7017.4
1998Q1,1997Q1,7101.6
1998Q1,1997Q2,7159.6
1998Q1,1997Q3,7214.0
1998Q1,1997Q4,7290.3
1998Q2,1996Q4,7017.4
1998Q2,1997Q1,7101.6
1998Q2,1997Q2,7159.6
1998Q2,1997Q3,7214.0
1998Q2,1997Q4,7280.0
1998Q2,1998Q1,7356.0
1998Q3,1997Q1,7166.7
1998Q3,1997Q2,7236.5
1998Q3,1997Q3,7311.2
1998Q3,1997Q4,7364.6
1998Q3,1998Q1,7464.7
1998Q3,1998Q2,7491.0
1998Q4,1997Q2,7236.5
1998Q4,1997Q3,7311.2
1998Q4,1997Q4,7364.6
1998Q4,1998Q1,7464.7
1998Q4,1998Q2,7498.6
1998Q4,1998Q3,7559.5
1999Q1,1997Q3,7311.2
1999Q1,1997Q4,7364.6
1999Q1,1998Q1,7464.7
1999Q1,1998Q2,7498.6
1999Q1,1998Q3,7566.5
1999Q1,1998Q4,7670.0
1999Q2,1997Q4,7364.6
1999Q2,1998Q1,7464.7
1999Q2,1998Q2,7498.6
1999Q2,1998Q3,7566.5
1999Q2,1998Q4,7677.7
1999Q2,1999Q1,7762.5
1999Q3,1998Q1,7464.7
1999Q3,1998Q2,7498.6
1999Q3,1998Q3,7566.5
1999Q3,1998Q4,7677.7
1999Q3,1999Q1,7759.6
1999Q3,1999Q2,7803.6
1999Q4,1998Q2,8457.2
1999Q4,1998Q3,8536.0
1999Q4,1998Q4,8659.2
1999Q4,1999Q1,8737.9
1999Q4,1999Q2,8778.6
1999Q4,1999Q3,8882.6
2000Q1,1998Q3,8536.0
2000Q1,1998Q4,8659.2
2000Q1,1999Q1,8737.9
2000Q1,1999Q2,8778.6
2000Q1,1999Q3,8900.6
2000Q1,1999Q4,9026.9
2000Q2,1998Q4,8639.5
2000Q2,1999Q1,8717.6
2000Q2,1999Q2,8758.3
2000Q2,1999Q3,8879.8
2000Q2,1999Q4,9037.2
2000Q2,2000Q1,9156.6
2000Q3,1999Q1,8730.0
2000Q3,1999Q2,8783.2
2000Q3,1999Q3,8905.8
2000Q3,1999Q4,9084.1
2000Q3,2000Q1,9191.8
2000Q3,2000Q2,9308.8
2000Q4,1999Q2,8783.2
2000Q4,1999Q3,8905.8
2000Q4,1999Q4,9084.1
2000Q4,2000Q1,9191.8
2000Q4,2000Q2,9318.9
2000Q4,2000Q3,9382.2
2001Q1,1999Q3,8905.8
2001Q1,1999Q4,9084.1
2001Q1,2000Q1,9191.8
2001Q1,2000Q2,9318.9
2001Q1,2000Q3,9369.5
2001Q1,2000Q4,9401.5
2001Q2,1999Q4,9084.1
2001Q2,2000Q1,9191.8
2001Q2,2000Q2,9318.9
2001Q2,2000Q3,9369.5
2001Q2,2000Q4,9393.7
2001Q2,2001Q1,9439.9
2001Q3,2000Q1,9102.5
2001Q3,2000Q2,9229.4
2001Q3,2000Q3,9260.1
2001Q3,2000Q4,9303.9
2001Q3,2001Q1,9334.5
2001Q3,2001Q2,9351.6
2001Q4,2000Q2,9229.4
2001Q4,2000Q3,9260.1
2001Q4,2000Q4,9303.9
2001Q4,2001Q1,9334.5
2001Q4,2001Q2,9341.7
2001Q4,2001Q3,9333.4
2002Q1,2000Q3,9260.1
2002Q1,2000Q4,9303.9
2002Q1,2001Q1,9334.5
2002Q1,2001Q2,9341.7
2002Q1,2001Q3,9310.4
2002Q1,2001Q4,9315.6
2002Q2,2000Q4,9303.9
2002Q2,2001Q1,9334.5
2002Q2,2001Q2,9341.7
2002Q2,2001Q3,9310.4
2002Q2,2001Q4,9348.6
2002Q2,2002Q1,9482.1
2002Q3,2001Q1,9229.9
2002Q3,2001Q2,9193.1
2002Q3,2001Q3,9186.4
2002Q3,2001Q4,9248.8
2002Q3,2002Q1,9363.2
2002Q3,2002Q2,9387.9
2002Q4,2001Q2,9193.1
2002Q4,2001Q3,9186.4
2002Q4,2001Q4,9248.8
2002Q4,2002Q1,9363.2
2002Q4,2002Q2,9392.4
2002Q4,2002Q3,9465.2
2003Q1,2001Q3,9186.4
2003Q1,2001Q4,9248.8
2003Q1,2002Q1,9363.2
2003Q1,2002Q2,9392.4
2003Q1,2002Q3,9485.6
2003Q1,2002Q4,9503.2
2003Q2,2001Q4,9248.8
2003Q2,2002Q1,9363.2
2003Q2,2002Q2,9392.4
2003Q2,2002Q3,9485.6
2003Q2,2002Q4,9518.2
2003Q2,2003Q1,9556.0
2003Q3,2002Q1,9363.2
2003Q3,2002Q2,9392.4
2003Q3,2002Q3,9485.6
2003Q3,2002Q4,9518.2
2003Q3,2003Q1,9552.0
2003Q3,2003Q2,9608.1
2003Q4,2002Q2,9392.4
2003Q4,2002Q3,9485.6
2003Q4,2002Q4,9518.2
2003Q4,2003Q1,9552.0
2003Q4,2003Q2,9629.4
2003Q4,2003Q3,9797.2
2004Q1,2002Q3,10128.4
2004Q1,2002Q4,10160.8
2004Q1,2003Q1,10210.4
2004Q1,2003Q2,10288.3
2004Q1,2003Q3,10493.1
2004Q1,2003Q4,10597.1
2004Q2,2002Q4,10160.8
2004Q2,2003Q1,10210.4
2004Q2,2003Q2,10288.3
2004Q2,2003Q3,10493.1
2004Q2,2003Q4,10600.1
2004Q2,2004Q1,10708.6
2004Q3,2003Q1,10184.4
2004Q3,2003Q2,10287.4
2004Q3,2003Q3,10472.8
2004Q3,2003Q4,10580.7
2004Q3,2004Q1,10697.5
2004Q3,2004Q2,10778.0
2004Q4,2003Q2,10287.4
2004Q4,2003Q3,10472.8
2004Q4,2003Q4,10580.7
2004Q4,2004Q1,10697.5
2004Q4,2004Q2,10784.7
2004Q4,2004Q3,10883.4
2005Q1,2003Q3,10472.8
2005Q1,2003Q4,10580.7
2005Q1,2004Q1,10697.5
2005Q1,2004Q2,10784.7
2005Q1,2004Q3,10891.0
2005Q1,2004Q4,10975.7
2005Q2,2003Q4,10580.7
2005Q2,2004Q1,10697.5
2005Q2,2004Q2,10784.7
2005Q2,2004Q3,10891.0
2005Q2,2004Q4,10994.3
2005Q2,2005Q1,11078.2
2005Q3,2004Q1,10612.5
2005Q3,2004Q2,10704.1
2005Q3,2004Q3,10808.9
2005Q3,2004Q4,10897.1
2005Q3,2005Q1,10999.3
2005Q3,2005Q2,11092.0
2005Q4,2004Q2,10704.1
2005Q4,2004Q3,10808.9
2005Q4,2004Q4,10897.1
2005Q4,2005Q1,10999.3
2005Q4,2005Q2,11089.2
2005Q4,2005Q3,11193.2
2006Q1,2004Q3,10808.9
2006Q1,2004Q4,10897.1
2006Q1,2005Q1,10999.3
2006Q1,2005Q2,11089.2
2006Q1,2005Q3,11202.3
2006Q1,2005Q4,11233.5
2006Q2,2004Q4,10897.1
2006Q2,2005Q1,10999.3
2006Q2,2005Q2,11089.2
2006Q2,2005Q3,11202.3
2006Q2,2005Q4,11248.3
2006Q2,2006Q1,11381.4
2006Q3,2005Q1,10913.8
2006Q3,2005Q2,11001.8
2006Q3,2005Q3,11115.1
2006Q3,2005Q4,11163.8
2006Q3,2006Q1,11316.4
2006Q3,2006Q2,11385.3
2006Q4,2005Q2,11001.8
2006Q4,2005Q3,11115.1
2006Q4,2005Q4,11163.8
2006Q4,2006Q1,11316.4
2006Q4,2006Q2,11388.1
2006Q4,2006Q3,11432.9
2007Q1,2005Q3,11115.1
2007Q1,2005Q4,11163.8
2007Q1,2006Q1,11316.4
2007Q1,2006Q2,11388.1
2007Q1,2006Q3,11443.5
2007Q1,2006Q4,11541.6
2007Q2,2005Q4,11163.8
2007Q2,2006Q1,11316.4
2007Q2,2006Q2,11388.1
2007Q2,2006Q3,11443.5
2007Q2,2006Q4,11513.0
2007Q2,2007Q1,11549.1
2007Q3,2006Q1,11238.7
2007Q3,2006Q2,11306.7
2007Q3,2006Q3,11336.7
2007Q3,2006Q4,11395.5
2007Q3,2007Q1,11412.6
2007Q3,2007Q2,11507.9
2007Q4,2006Q2,11306.7
2007Q4,2006Q3,11336.7
2007Q4,2006Q4,11395.5
2007Q4,2007Q1,11412.6
2007Q4,2007Q2,11520.1
2007Q4,2007Q3,11630.7
2008Q1,2006Q3,11336.7
2008Q1,2006Q4,11395.5
2008Q1,2007Q1,11412.6
2008Q1,2007Q2,11520.1
2008Q1,2007Q3,11658.9
2008Q1,2007Q4,11677.4
2008Q2,2006Q4,11395.5
2008Q2,2007Q1,11412.6
2008Q2,2007Q2,11520.1
2008Q2,2007Q3,11658.9
2008Q2,2007Q4,11675.7
2008Q2,2008Q1,11693.1
2008Q3,2007Q1,11357.8
2008Q3,2007Q2,11491.4
2008Q3,2007Q3,11625.7
2008Q3,2007Q4,11620.7
2008Q3,2008Q1,11646.0
2008Q3,2008Q2,11700.6
2008Q4,2007Q2,11491.4
2008Q4,2007Q3,11625.7
2008Q4,2007Q4,11620.7
2008Q4,2008Q1,11646.0
2008Q4,2008Q2,11727.4
2008Q4,2008Q3,11720.0
2009Q1,2007Q3,11625.7
2009Q1,2007Q4,11620.7
2009Q1,2008Q1,11646.0
2009Q1,2008Q2,11727.4
2009Q1,2008Q3,11712.4
2009Q1,2008Q4,11599.4
2009Q2,2007Q4,11620.7
2009Q2,2008Q1,11646.0
2009Q2,2008Q2,11727.4
2009Q2,2008Q3,11712.4
2009Q2,2008Q4,11522.1
2009Q2,2009Q1,11340.9
2009Q3,2008Q1,13366.9
2009Q3,2008Q2,13415.3
2009Q3,2008Q3,13324.6
2009Q3,2008Q4,13141.9
2009Q3,2009Q1,12925.4
2009Q3,2009Q2,12892.4
2009Q4,2008Q2,13415.3
2009Q4,2008Q3,13324.6
2009Q4,2008Q4,13141.9
2009Q4,2009Q1,12925.4
2009Q4,2009Q2,12901.5
2009Q4,2009Q3,13014.0
2010Q1,2008Q3,13324.6
2010Q1,2008Q4,13141.9
2010Q1,2009Q1,12925.4
2010Q1,2009Q2,12901.5
2010Q1,2009Q3,12973.0
2010Q1,2009Q4,13155.0
2010Q2,2008Q4,13141.9
2010Q2,2009Q1,12925.4
2010Q2,2009Q2,12901.5
2010Q2,2009Q3,12973.0
2010Q2,2009Q4,13149.5
2010Q2,2010Q1,13254.7
2010Q3,2009Q1,12832.6
2010Q3,2009Q2,12810.0
2010Q3,2009Q3,12860.8
2010Q3,2009Q4,13019.0
2010Q3,2010Q1,13138.8
2010Q3,2010Q2,13216.5
2010Q4,2009Q2,12810.0
2010Q4,2009Q3,12860.8
2010Q4,2009Q4,13019.0
2010Q4,2010Q1,13138.8
2010Q4,2010Q2,13194.9
2010Q4,2010Q3,13260.7
2011Q1,2009Q3,12860.8
2011Q1,2009Q4,13019.0
2011Q1,2010Q1,13138.8
2011Q1,2010Q2,13194.9
2011Q1,2010Q3,13278.5
2011Q1,2010Q4,13382.6
2011Q2,2009Q4,13019.0
2011Q2,2010Q1,13138.8
2011Q2,2010Q2,13194.9
2011Q2,2010Q3,13278.5
2011Q2,2010Q4,13380.7
2011Q2,2011Q1,13438.8
2011Q3,2010Q1,12937.7
2011Q3,2010Q2,13058.5
2011Q3,2010Q3,13139.6
2011Q3,2010Q4,13216.1
2011Q3,2011Q1,13227.9
2011Q3,2011Q2,13270.1
2011Q4,2010Q2,13058.5
2011Q4,2010Q3,13139.6
2011Q4,2010Q4,13216.1
2011Q4,2011Q1,13227.9
2011Q4,2011Q2,13271.8
2011Q4,2011Q3,13352.8
2012Q1,2010Q3,13139.6
2012Q1,2010Q4,13216.1
2012Q1,2011Q1,13227.9
2012Q1,2011Q2,13271.8
2012Q1,2011Q3,13331.6
2012Q1,2011Q4,13422.4
2012Q2,2010Q4,13216.1
2012Q2,2011Q1,13227.9
2012Q2,2011Q2,13271.8
2012Q2,2011Q3,13331.6
2012Q2,2011Q4,13429.0
2012Q2,2012Q1,13502.4
2012Q3,2011Q1,13183.8
2012Q3,2011Q2,13264.7
2012Q3,2011Q3,13306.9
2012Q3,2011Q4,13441.0
2012Q3,2012Q1,13506.4
2012Q3,2012Q2,13558.0
2012Q4,2011Q2,13264.7
2012Q4,2011Q3,13306.9
2012Q4,2011Q4,13441.0
2012Q4,2012Q1,13506.4
2012Q4,2012Q2,13548.5
2012Q4,2012Q3,13616.2
2013Q1,2011Q3,13306.9
2013Q1,2011Q4,13441.0
2013Q1,2012Q1,13506.4
2013Q1,2012Q2,13548.5
2013Q1,2012Q3,13652.5
2013Q1,2012Q4,13647.6
2013Q2,2011Q4,13441.0
2013Q2,2012Q1,13506.4
2013Q2,2012Q2,13548.5
2013Q2,2012Q3,13652.5
2013Q2,2012Q4,13665.4
2013Q2,2013Q1,13750.1
2013Q3,2012Q1,15381.6
2013Q3,2012Q2,15427.7
2013Q3,2012Q3,15534.0
2013Q3,2012Q4,15539.6
2013Q3,2013Q1,15583.9
2013Q3,2013Q2,15648.7
2013Q4,2012Q2,15427.7
2013Q4,2012Q3,15534.0
2013Q4,2012Q4,15539.6
2013Q4,2013Q1,15583.9
2013Q4,2013Q2,15679.7
2013Q4,2013Q3,15790.1
2014Q1,2012Q3,15534.0
2014Q1,2012Q4,15539.6
2014Q1,2013Q1,15583.9
2014Q1,2013Q2,15679.7
2014Q1,2013Q3,15839.3
2014Q1,2013Q4,15965.6
2014Q2,2012Q4,15539.6
2014Q2,2013Q1,15583.9
2014Q2,2013Q2,15679.7
2014Q2,2013Q3,15839.3
2014Q2,2013Q4,15942.3
2014Q2,2014Q1,15946.6
2014Q3,2013Q1,15538.4
2014Q3,2013Q2,15606.6
2014Q3,2013Q3,15779.9
2014Q3,2013Q4,15916.2
2014Q3,2014Q1,15831.7
2014Q3,2014Q2,15985.7
2014Q4,2013Q2,15606.6
2014Q4,2013Q3,15779.9
2014Q4,2013Q4,15916.2
2014Q4,2014Q1,15831.7
2014Q4,2014Q2,16010.4
2014Q4,2014Q3,16150.6
2015Q1,2013Q3,15779.9
2015Q1,2013Q4,15916.2
2015Q1,2014Q1,15831.7
2015Q1,2014Q2,16010.4
2015Q1,2014Q3,16205.6
2015Q1,2014Q4,16311.6
2015Q2,2013Q4,15916.2
2015Q2,2014Q1,15831.7
2015Q2,2014Q2,16010.4
2015Q2,2014Q3,16205.6
2015Q2,2014Q4,16294.7
2015Q2,2015Q1,16304.8
2015Q3,2014Q1,15724.9
2015Q3,2014Q2,15901.5
2015Q3,2014Q3,16068.8
2015Q3,2014Q4,16151.4
2015Q3,2015Q1,16177.3
2015Q3,2015Q2,16270.4
2015Q4,2014Q2,15901.5
2015Q4,2014Q3,16068.8
2015Q4,2014Q4,16151.4
2015Q4,2015Q1,16177.3
2015Q4,2015Q2,16333.6
2015Q4,2015Q3,16394.2
2016Q1,2014Q3,16068.8
2016Q1,2014Q4,16151.4
2016Q1,2015Q1,16177.3
2016Q1,2015Q2,16333.6
2016Q1,2015Q3,16414.0
2016Q1,2015Q4,16442.3
2016Q2,2014Q4,16151.4
2016Q2,2015Q1,16177.3
2016Q2,2015Q2,16333.6
2016Q2,2015Q3,16414.0
2016Q2,2015Q4,16470.6
2016Q2,2016Q1,16492.7
2016Q3,2015Q1,16269.0
2016Q3,2015Q2,16374.2
2016Q3,2015Q3,16454.9
2016Q3,2015Q4,16490.7
2016Q3,2016Q1,16525.0
2016Q3,2016Q2,16575.1
2016Q4,2015Q2,16374.2
2016Q4,2015Q3,16454.9
2016Q4,2015Q4,16490.7
2016Q4,2016Q1,16525.0
2016Q4,2016Q2,16583.1
2016Q4,2016Q3,16702.1
2017Q1,2015Q3,16454.9
2017Q1,2015Q4,16490.7
2017Q1,2016Q1,16525.0
2017Q1,2016Q2,16583.1
2017Q1,2016Q3,16727.0
2017Q1,2016Q4,16804.8
2017Q2,2015Q4,16490.7
2017Q2,2016Q1,16525.0
2017Q2,2016Q2,16583.1
2017Q2,2016Q3,16727.0
2017Q2,2016Q4,16813.3
2017Q2,2017Q1,16842.4
2017Q3,2016Q1,16571.6
2017Q3,2016Q2,16663.5
2017Q3,2016Q3,16778.1
2017Q3,2016Q4,16851.4
2017Q3,2017Q1,16903.2
2017Q3,2017Q2,17010.7
2017Q4,2016Q2,16663.5
2017Q4,2016Q3,16778.1
2017Q4,2016Q4,16851.4
2017Q4,2017Q1,16903.2
2017Q4,2017Q2,17031.1
2017Q4,2017Q3,17156.9
2018Q1,2016Q3,16778.1
2018Q1,2016Q4,16851.4
2018Q1,2017Q1,16903.2
2018Q1,2017Q2,17031.1
2018Q1,2017Q3,17163.9
2018Q1,2017Q4,17272.5
2018Q2,2016Q4,16851.4
2018Q2,2017Q1,16903.2
2018Q2,2017Q2,17031.1
2018Q2,2017Q3,17163.9
2018Q2,2017Q4,17286.5
2018Q2,2018Q1,17385.8
2018Q3,2017Q1,17863.0
2018Q3,2017Q2,17995.2
2018Q3,2017Q3,18120.8
2018Q3,2017Q4,18223.8
2018Q3,2018Q1,18324.0
2018Q3,2018Q2,18507.2
2018Q4,2017Q2,17995.2
2018Q4,2017Q3,18120.8
2018Q4,2017Q4,18223.8
2018Q4,2018Q1,18324.0
2018Q4,2018Q2,18511.6
2018Q4,2018Q3,18671.5
2019Q1,2017Q3,18120.8
2019Q1,2017Q4,18223.8
2019Q1,2018Q1,18324.0
2019Q1,2018Q2,18511.6
2019Q1,2018Q3,18665.0
2019Q1,2018Q4,18784.6
2019Q2,2017Q4,18223.8
2019Q2,2018Q1,18324.0
2019Q2,2018Q2,18511.6
2019Q2,2018Q3,18665.0
2019Q2,2018Q4,18765.3
2019Q2,2019Q1,18912.3
2019Q3,2018Q1,18438.3
2019Q3,2018Q2,18598.1
2019Q3,2018Q3,18732.7
2019Q3,2018Q4,18783.5
2019Q3,2019Q1,18927.3
2019Q3,2019Q2,19023.8
2019Q4,2018Q2,18598.1
2019Q4,2018Q3,18732.7
2019Q4,2018Q4,18783.5
2019Q4,2019Q1,18927.3
2019Q4,2019Q2,19021.9
2019Q4,2019Q3,19112.5
2020Q1,2018Q3,18732.7
2020Q1,2018Q4,18783.5
2020Q1,2019Q1,18927.3
2020Q1,2019Q2,19021.9
2020Q1,2019Q3,19121.1
2020Q1,2019Q4,19219.8
2020Q2,2018Q4,18783.5
2020Q2,2019Q1,18927.3
2020Q2,2019Q2,19021.9
2020Q2,2019Q3,19121.1
2020Q2,2019Q4,19222.0
2020Q2,2020Q1,18987.9
2020Q3,2019Q1,18950.3
2020Q3,2019Q2,19020.6
2020Q3,2019Q3,19141.7
2020Q3,2019Q4,19254.0
2020Q3,2020Q1,19010.8
2020Q3,2020Q2,17205.8
2020Q4,2019Q2,19020.6
2020Q4,2019Q3,19141.7
2020Q4,2019Q4,19254.0
2020Q4,2020Q1,19010.8
2020Q4,2020Q2,17302.5
2020Q4,2020Q3,18584.0
2021Q1,2019Q3,19141.7
2021Q1,2019Q4,19254.0
2021Q1,2020Q1,19010.8
2021Q1,2020Q2,17302.5
2021Q1,2020Q3,18596.5
2021Q1,2020Q4,18780.3
2021Q2,2019Q4,19254.0
2021Q2,2020Q1,19010.8
2021Q2,2020Q2,17302.5
2021Q2,2020Q3,18596.5
2021Q2,2020Q4,18794.4
2021Q2,2021Q1,19087.6
2021Q3,2020Q1,18952.0
2021Q3,2020Q2,17258.2
2021Q3,2020Q3,18560.8
2021Q3,2020Q4,18767.8
2021Q3,2021Q1,19055.7
2021Q3,2021Q2,19358.2
2021Q4,2020Q2,17258.2
2021Q4,2020Q3,18560.8
2021Q4,2020Q4,18767.8
2021Q4,2021Q1,19055.7
2021Q4,2021Q2,19368.3
2021Q4,2021Q3,19465.2
2022Q1,2020Q3,18560.8
2022Q1,2020Q4,18767.8
2022Q1,2021Q1,19055.7
2022Q1,2021Q2,19368.3
2022Q1,2021Q3,19478.9
2022Q1,2021Q4,19806.0
2022Q2,2020Q4,18767.8
2022Q2,2021Q1,19055.7
2022Q2,2021Q2,19368.3
2022Q2,2021Q3,19478.9
2022Q2,2021Q4,19806.3
2022Q2,2022Q1,19735.9
2022Q3,2021Q1,19055.7
2022Q3,2021Q2,19368.3
2022Q3,2021Q3,19478.9
2022Q3,2021Q4,19806.3
2022Q3,2022Q1,19727.9
2022Q3,2022Q2,19681.7
2022Q4,2021Q2,19544.2
2022Q4,2021Q3,19672.6
2022Q4,2021Q4,20006.2
2022Q4,2022Q1,19924.1
2022Q4,2022Q2,19895.3
2022Q4,2022Q3,20021.7
2023Q1,2021Q3,19672.6
2023Q1,2021Q4,20006.2
2023Q1,2022Q1,19924.1
2023Q1,2022Q2,19895.3
2023Q1,2022Q3,20054.7
2023Q1,2022Q4,20198.1
2023Q2,2021Q4,20006.2
2023Q2,2022Q1,19924.1
2023Q2,2022Q2,19895.3
2023Q2,2022Q3,20054.7
2023Q2,2022Q4,20182.5
2023Q2,2023Q1,20235.9
2023Q3,2022Q1,19924.1
2023Q3,2022Q2,19895.3
2023Q3,2022Q3,20054.7
2023Q3,2022Q4,20182.5
2023Q3,2023Q1,20282.8
2023Q3,2023Q2,20404.1
2023Q4,2022Q2,21708.2
2023Q4,2022Q3,21851.1
2023Q4,2022Q4,21990.0
2023Q4,2023Q1,22112.3
2023Q4,2023Q2,22225.4
2023Q4,2023Q3,22491.6
2024Q1,2022Q3,21851.1
2024Q1,2022Q4,21990.0
2024Q1,2023Q1,22112.3
2024Q1,2023Q2,22225.4
2024Q1,2023Q3,22490.7
2024Q1,2023Q4,22672.9
2024Q2,2022Q4,21990.0
2024Q2,2023Q1,22112.3
2024Q2,2023Q2,22225.4
2024Q2,2023Q3,22490.7
2024Q2,2023Q4,22679.3
2024Q2,2024Q1,22768.9
2024Q3,2023Q1,22112.3
2024Q3,2023Q2,22225.4
2024Q3,2023Q3,22490.7
2024Q3,2023Q4,22679.3
2024Q3,2024Q1,22758.8
2024Q3,2024Q2,22918.7
2024Q4,2023Q2,22539.4
2024Q4,2023Q3,22780.9
2024Q4,2023Q4,22960.6
2024Q4,2024Q1,23053.5
2024Q4,2024Q2,23223.9
2024Q4,2024Q3,23386.2
2025Q1,2023Q3,22780.9
2025Q1,2023Q4,22960.6
2025Q1,2024Q1,23053.5
2025Q1,2024Q2,23223.9
2025Q1,2024Q3,23400.3
2025Q1,2024Q4,23530.9
2025Q2,2023Q4,22960.6
2025Q2,2024Q1,23053.5
2025Q2,2024Q2,23223.9
2025Q2,2024Q3,23400.3
2025Q2,2024Q4,23542.3
2025Q2,2025Q1,23526.1
2025Q3,2024Q1,23053.5
2025Q3,2024Q2,23223.9
2025Q3,2024Q3,23400.3
2025Q3,2024Q4,23542.3
2025Q3,2025Q1,23512.7
2025Q3,2025Q2,23685.3
2025Q4,2024Q2,23286.5
2025Q4,2024Q3,23478.6
2025Q4,2024Q4,23586.5
2025Q4,2025Q1,23548.2
2025Q4,2025Q2,23771.0
2026Q1,2024Q3,23478.6
2026Q1,2024Q4,23586.5
2026Q1,2025Q1,23548.2
2026Q1,2025Q2,23771.0
2026Q1,2025Q3,24026.8
2026Q2,2024Q4,23586.5
2026Q2,2025Q1,23548.2
2026Q2,2025Q2,23771.0
2026Q2,2025Q3,24026.8
2026Q2,2025Q4,24055.7
2026Q2,2026Q1,24174.5
2026Q3,2025Q1,23548.2
2026Q3,2025Q2,23771.0
2026Q3,2025Q3,24026.8
2026Q3,2025Q4,24055.7
2026Q3,2026Q1,24180.4
2026Q3,2026Q2,24270.6
